<?xml version="1.0" encoding="utf-8" ?>
<?xml-stylesheet type="text/xsl" href="..\XSL\topic.xsl"?>

<topic name="AddSelection" type="method">
	<description>
		Add items to the current selection in HTML multiple selection list-box controls.
	</description>

	<apply>
		<apply_item>Element</apply_item>
	</apply>

	<call>
		elementObj.AddSelection(item_to_select);
	</call>

	<arguments>
		<arg><code>item_to_select</code> is the text or the ordinal position of the item to be added to selection.</arg>
	</arguments>

	<remarks>
		The input parameter can be:
		<ul>
			<li>a number that represents the zero-based ordinal position of the item to be added to selection.</li>
			<li>
				a string that represents the text of the item to be added to selection.
				If useRegExp property is <i>true</i>, then all the items that match the input regular expression
				are added to selection.
			</li>
		</ul>
		If no item matches the input parameter, then a script exception is thrown and the lastError property is set to NOT_FOUND_ERROR<br></br>
		If the method is applied to an Element that is not a multiple selection list-box control, then a script exception is
		thrown and the lastError property is set to INVALID_OPERATION_ERROR.
	</remarks>

	<example>
		<jscode>
// Assume nativeList is a &lt;select multiple&gt; HTML element.
// Select the first two items in the multiple selection list-box control.
var coreObj = new ActiveXObject("Twebst.Core");
var list    = coreObj.AttachToNativeElement(nativeList);
list.Select(0);
list.AddSelection(1);
		</jscode>
	</example>

	<seealso>
		<seealso_item>Element</seealso_item>
		<seealso_item>AddSelectionRange</seealso_item>
		<seealso_item>ClearSelection</seealso_item>
		<seealso_item>Select</seealso_item>
		<seealso_item>SelectRange</seealso_item>
	</seealso>
</topic>
