<?xml version="1.0" encoding="utf-8" ?>
<?xml-stylesheet type="text/xsl" href="..\XSL\topic.xsl"?>

<topic name="AttachToNativeBrowser" type="method">
	<description>
		<warning>Not available in FREE version!</warning><br/>
		Creates a library Browser object from a native <i>Internet Explorer</i> browser object.
	</description>

	<apply>
		<apply_item>Core</apply_item>
	</apply>

	<call>
		var b = coreObj.AttachToNativeBrowser(nativeBrowserObject);
	</call>

	<arguments>
		<arg><code>nativeBrowserObject</code> is a native <i>Internet Explorer</i> browser object.</arg>
	</arguments>

	
	<remarks>
		Returns a Browser object.
		The <i>nativeBrowserObject</i> parameter is a native <i>Internet Explorer</i> browser object ( <a target="_blank" href="http://msdn.microsoft.com/en-us/library/aa752127.aspx">IWebBrowser2</a> ).
		It could be obtained using other ways than <i>Twebst</i> library features. It could be also obtained by using nativeBrowser property.
		This method can be useful if you already have a native <i>Internet Explorer</i> browser object and you want to use it as a Browser object.
	</remarks>

	<example>
		<jscode>
// Start an Internet Explorer object and attach a Browser object to it.
// Navigate using the library Browser object.
var internetExplorer     = new ActiveXObject("InternetExplorer.Application");
internetExplorer.Visible = true;

var coreObj         = new ActiveXObject("Twebst.Core");
var attachedBrowser = coreObj.AttachToNativeBrowser(internetExplorer);
attachedBrowser.Navigate("www.codecentrix.com");
		</jscode>
	</example>

	<seealso>
		<seealso_item>Core</seealso_item>
		<seealso_item>Browser</seealso_item>
		<seealso_item>AttachToNativeElement</seealso_item>
		<seealso_item>AttachToNativeFrame</seealso_item>
		<seealso_item>nativeBrowser</seealso_item>
		<seealso_item>nativeFrame</seealso_item>
		<seealso_item>nativeElement</seealso_item>
	</seealso>
</topic>
