<?xml version="1.0" encoding="utf-8" ?>
<?xml-stylesheet type="text/xsl" href="..\XSL\topic.xsl"?>

<topic name="AttachToNativeElement" type="method">
	<description>
		<warning>Not available in FREE version!</warning><br/>
		Creates a library Element object from a native <i>Internet Explorer</i> element object.
	</description>

	<apply>
		<apply_item>Core</apply_item>
	</apply>

	<call>
		var e = coreObj.AttachToNativeElement(nativeElementObject);
	</call>

	<arguments>
		<arg><code>nativeElementObject</code> is a native <i>Internet Explorer</i> element object.</arg>
	</arguments>

	<remarks>
		Returns an Element object.
		The <i>nativeElementObject</i> parameter is a native <i>Internet Explorer</i> element object ( <a target="_blank" href="http://msdn.microsoft.com/en-us/library/aa752279(VS.85).aspx">IHTMLElement</a> ).
		It could be obtained using other ways than <i>Twebst</i> library features. It could be also obtained by using nativeElement property.
		This method can be useful if you already have a native <i>Internet Explorer</i> element object and you want to use it as an Element object.
	</remarks>

	<example>
		<jscode>
// Start an Internet Explorer object.
// Get the body native element and attach to it.
// Use the attached library Element object.
var internetExplorer     = new ActiveXObject("InternetExplorer.Application");
internetExplorer.Visible = true;

var coreObj         = new ActiveXObject("Twebst.Core");
var body            = internetExplorer.Document.body;
var attachedElement = coreObj.AttachToNativeElement(body);

attachedElement.parentBrowser.Navigate("www.codecentrix.com");
		</jscode>
	</example>

	<seealso>
		<seealso_item>Core</seealso_item>
		<seealso_item>Browser</seealso_item>
		<seealso_item>AttachToNativeBrowser</seealso_item>
		<seealso_item>AttachToNativeFrame</seealso_item>
		<seealso_item>nativeBrowser</seealso_item>
		<seealso_item>nativeFrame</seealso_item>
		<seealso_item>nativeElement</seealso_item>
	</seealso>
</topic>
