<?xml version="1.0" encoding="utf-8" ?>
<?xml-stylesheet type="text/xsl" href="..\XSL\topic.xsl"?>

<topic name="AttachToNativeFrame" type="method">
	<description>
		<warning>Not available in FREE version!</warning><br/>
		Creates a library Frame object from a native <i>Internet Explorer</i> window object.
	</description>

	<apply>
		<apply_item>Core</apply_item>
	</apply>

	<call>
		var f = coreObj.AttachToNativeFrame(nativeWindowObject);
	</call>

	<arguments>
		<arg><code>nativeWindowObject</code> is a native <i>Internet Explorer</i> window object.</arg>
	</arguments>

	<remarks>
		Returns a Frame object.
		The <i>nativeWindowObject</i> parameter is a native <i>Internet Explorer</i> window object ( <a target="_blank" href="http://msdn.microsoft.com/en-us/library/aa741505(VS.85).aspx">IHTMLWindow2</a> ).
		It could be obtained using other ways than <i>Twebst</i> library features. It could be also obtained by using nativeFrame property.
		This method can be useful if you already have a native <i>Internet Explorer</i> window object and you want to use it as a Frame object.
	</remarks>

	<example>
		<jscode>
// Start an Internet Explorer object.
// Get the top window native object and attach to it.
// Use the attached library Frame object.
var internetExplorer     = new ActiveXObject("InternetExplorer.Application");
internetExplorer.Visible = true;

var coreObj        = new ActiveXObject("Twebst.Core");
var topWindow      = internetExplorer.Document.parentWindow;
var attachedWindow = coreObj.AttachToNativeFrame(topWindow);

attachedWindow.parentBrowser.Navigate("www.codecentrix.com");
		</jscode>
	</example>

	<seealso>
		<seealso_item>Core</seealso_item>
		<seealso_item>Browser</seealso_item>
		<seealso_item>AttachToNativeBrowser</seealso_item>
		<seealso_item>AttachToNativeElement</seealso_item>
		<seealso_item>nativeBrowser</seealso_item>
		<seealso_item>nativeFrame</seealso_item>
		<seealso_item>nativeElement</seealso_item>
	</seealso>
</topic>
