<?xml version="1.0" encoding="utf-8" ?>
<?xml-stylesheet type="text/xsl" href="..\XSL\topic.xsl"?>

<topic name="AttachToWnd" type="method">
	<description>
		<warning>Not available in FREE version!</warning><br/>
		Creates a library Browser object from a window handle.
	</description>

	<apply>
		<apply_item>Core</apply_item>
	</apply>

	<call>
		var b = coreObj.AttachToWnd(hWnd);
	</call>

	<arguments>
		<arg><code>hWnd</code> is a Win32 API window handle.</arg>
	</arguments>


	<remarks>
		Returns a Browser object.
		The <i>hWnd</i> parameter is the handle of a <i>Internet Explorer_Server</i>, <i>IEFrame</i> or <i>TabWindowClass</i> window inside <i>Internet Explorer</i> browser.
		It could be obtained using other ways than <i>Twebst</i> library features. It could be also obtained by using ieWindow, tabWindow or topWindow properties.
		This method can be useful if you already have a browser window handle and you want to use it as a Browser object.
	</remarks>

	<example>
		<jscode>
// hwnd is a valid handle of a 'Internet Explorer_Server', 'IEFrame' or 'TabWindowClass' window inside IE.
var hwnd    = 0x1C05B8;
var core    = new ActiveXObject("Twebst.Core");
var browser = core.AttachToWnd(hwnd);

browser.Navigate("http://www.codecentrix.com/");
    </jscode>
	</example>

	<seealso>
		<seealso_item>Core</seealso_item>
		<seealso_item>Browser</seealso_item>
    <seealso_item>AttachToNativeBrowser</seealso_item>
		<seealso_item>AttachToNativeElement</seealso_item>
		<seealso_item>AttachToNativeFrame</seealso_item>
		<seealso_item>ieWindow</seealso_item>
		<seealso_item>tabWindow</seealso_item>
		<seealso_item>topWindow</seealso_item>
    <seealso_item>WndToNativeDocument</seealso_item>
  </seealso>
</topic>
