<?xml version="1.0" encoding="utf-8" ?>
<?xml-stylesheet type="text/xsl" href="..\XSL\overview.xsl"?>

<overview name="BrowserList" type="object">
	<description>
		The browser list object represents a list of Browser objects. Each browser object in
		the list is connected to an <i>Internet Explorer</i> instance.
		It provides properties to access the browser objects in the list.
	</description>


	<creation>
		<creat_method>
			var browserListObj = coreObj.FindAllBrowsers(Search conditions);
		</creat_method>
	</creation>


	<properties>
		<property>
			<prop_name><reference href="coreProp.htm">core</reference></prop_name>
			<prop_desc>Returns a reference to the parent Core object of the browser list.</prop_desc>
		</property>

		<property>
			<prop_name><reference>item</reference></prop_name>
			<prop_desc>Retrieves a Browser object from the list based on a given index.</prop_desc>
		</property>

		<property>
			<prop_name><reference>length</reference></prop_name>
			<prop_desc>Retrieves the number of Browser objects in the list.</prop_desc>
		</property>
	</properties>

	<seealso>
		<seealso_item>Core</seealso_item>
		<seealso_item>Browser</seealso_item>
		<seealso_item>Element</seealso_item>
		<seealso_item>ElementList</seealso_item>
		<seealso_item>Frame</seealso_item>
		<seealso_item>FrameList</seealso_item>
	</seealso>
</overview>
