<?xml version="1.0" encoding="utf-8" ?>
<?xml-stylesheet type="text/xsl" href="..\XSL\overview.xsl"?>

<overview name="Browser" type="object">
	<description>
		The browser object represents an <i>Internet Explorer</i> instance.<br/>
		It provides methods for searching Element and Frame objects inside the web page,
		and for various browser actions (like: close, navigate show browser window).
	</description>


	<creation>
		<creat_method>
			var browserObj = coreObj.FindBrowser(Search conditions);
		</creat_method>

		<creat_method>
			var browserObj = coreObj.FindAllBrowsers(Search conditions)(index);
		</creat_method>

		<creat_method>
			var browserObj = coreObj.AttachToNativeBrowser(native browser);
		</creat_method>

		<creat_method>
			var browserObj = frameObj.parentBrowser;
		</creat_method>

		<creat_method>
			var browserObj = elementObj.parentBrowser;
		</creat_method>
	</creation>


	<methods>
		<method>
			<method_name>Close</method_name>
			<method_description>Closes the <i>Internet Explorer</i> instance represented by the browser object.</method_description>
		</method>

		<method>
			<method_name>FindAllElements</method_name>
			<method_description>Searches in the current browser, the list of all HTML elements that verify a list of <reference href="SearchCondition.htm">search conditions</reference>.</method_description>
		</method>

		<method>
			<method_name>FindAllFrames</method_name>
			<method_description>Searches in the current browser, the list of all HTML <i>frame</i> and <i>iframe</i> objects that verify a list of <reference href="SearchCondition.htm">search conditions</reference>.</method_description>
		</method>

		<method>
			<method_name>FindElement</method_name>
			<method_description>Searches in the current browser, an HTML element that verifies a list of <reference href="SearchCondition.htm">search conditions</reference>.</method_description>
		</method>

		<method>
			<method_name>FindFrame</method_name>
			<method_description>Searches in the current browser, a HTML <i>frame</i> or <i>iframe</i> that verifies a list of <reference href="SearchCondition.htm">search conditions</reference>.</method_description>
		</method>
		
		<method>
			<method_name>FindModalHtmlDialog</method_name>
			<method_description>Searches a Frame object in the current browser corresponding to a HTML modal dialog box.</method_description>
		</method>
		
		<method>
			<method_name>FindModelessHtmlDialog</method_name>
			<method_description>Searches a Frame object corresponding to a modeless HTML dialog box that verifies a list of <reference href="SearchCondition.htm">search conditions</reference>.</method_description>
		</method>

		<method>
			<method_name>Navigate</method_name>
			<method_description>Navigates the browser to a given url.</method_description>
		</method>

		<method>
			<method_name>ShowBrowserWindow</method_name>
			<method_description>Shows, hides, maximizes, minimizes, restores or puts in foreground the browser window.</method_description>
		</method>

		<method>
			<method_name>WaitToLoad</method_name>
			<method_description>Waits the browser to load and check it against a list of <reference href="SearchCondition.htm">search conditions</reference>.</method_description>
		</method>
	</methods>


	<properties>
		<property>
			<prop_name><reference href="coreProp.htm">core</reference></prop_name>
			<prop_desc>Returns a reference to the parent Core object of the browser.</prop_desc>
		</property>

		<property>
			<prop_name>ieWindow</prop_name>
			<prop_desc>Returns the handle for <i>Inernet Explorer_Server</i> window of the <i>Internet Explorer</i> instance represented by the current Browser object.</prop_desc>
		</property>
		
		<property>
			<prop_name>isLoading</prop_name>
			<prop_desc>Returns a boolean value indicating whether the browser is engaged in a navigation operation.</prop_desc>
		</property>

		<property>
			<prop_name>nativeBrowser</prop_name>
			<prop_desc>Returns a native <i>Internet Explorer</i> browser object ( <a target="_blank" href="http://msdn.microsoft.com/en-us/library/aa752127.aspx">IWebBrowser2</a> ). </prop_desc>
		</property>

		<property>
			<prop_name>navigationError</prop_name>
			<prop_desc>Returns the browser navigation error code.</prop_desc>
		</property>

		<property>
			<prop_name>processId</prop_name>
			<prop_desc>Returns the process ID of the <i>Internet Explorer</i> instance represented by the Browser object.</prop_desc>
		</property>

		<property>
			<prop_name>tabWindow</prop_name>
			<prop_desc>Returns the handle for <i>TabWindowClass</i> window of the <i>Internet Explorer 7</i> instance represented by the current Browser object.</prop_desc>
		</property>
		
		<property>
			<prop_name>threadId</prop_name>
			<prop_desc>Returns the thread ID of the <i>Internet Explorer</i> window represented by the Browser object.</prop_desc>
		</property>

		<property>
			<prop_name><reference>title</reference></prop_name>
			<prop_desc>Returns the title of the web page.</prop_desc>
		</property>

		<property>
			<prop_name>topFrame</prop_name>
			<prop_desc>Returns a reference to the top Frame object.</prop_desc>
		</property>

		<property>
			<prop_name>topWindow</prop_name>
			<prop_desc>Returns the handle for <i>IEFrame</i> top window of the <i>Internet Explorer 7</i> instance represented by the current Browser object.</prop_desc>
		</property>
		
		<property>
			<prop_name><reference>url</reference></prop_name>
			<prop_desc>Returns the URL for the current HTML document.</prop_desc>
		</property>
	</properties>


	<constants>
		<constant>
			<const_name>SHOW_IN_FOREGROUND</const_name>
			<const_desc>Used by ShowBrowserWindow to bring the browser window in foreground.</const_desc>
		</constant>

		<constant>
			<const_name>SHOW_HIDE</const_name>
			<const_desc>Used by ShowBrowserWindow to hide the browser window. <warning>Not available in FREE version!</warning><br/></const_desc>
		</constant>

		<constant>
			<const_name>SHOW_MAXIMIZE</const_name>
			<const_desc>Used by ShowBrowserWindow to maximize the browser window.</const_desc>
		</constant>

		<constant>
			<const_name>SHOW_MINIMIZE</const_name>
			<const_desc>Used by ShowBrowserWindow to minimize the browser window.</const_desc>
		</constant>

		<constant>
			<const_name>SHOW_RESTORE</const_name>
			<const_desc>Used by ShowBrowserWindow to restore the browser window.</const_desc>
		</constant>

		<constant>
			<const_name>SHOW_VISIBLE</const_name>
			<const_desc>Used by ShowBrowserWindow to make the browser window visible. <warning>Not available in FREE version!</warning><br/></const_desc>
		</constant>
	</constants>


	<seealso>
		<seealso_item>Core</seealso_item>
		<seealso_item>BrowserList</seealso_item>
		<seealso_item>Element</seealso_item>
		<seealso_item>ElementList</seealso_item>
		<seealso_item>Frame</seealso_item>
		<seealso_item>FrameList</seealso_item>
	</seealso>
</overview>
