<?xml version="1.0" encoding="utf-8" ?>
<?xml-stylesheet type="text/xsl" href="..\XSL\topic.xsl"?>

<topic name="Click" type="method">
	<description>
		Simulates a click on a HTML element.
	</description>

	<apply>
		<apply_item>Element</apply_item>
	</apply>

	<call>
		elementObj.Click();
	</call>

	<arguments>
		<arg_summary>
			None.
		</arg_summary>
	</arguments>

	<remarks>
		The method simulates a click on the HTML element using hardware or <i>Internet Explorer</i> events,
		depending on useHardwareInputEvents property.
	</remarks>

	<example>
		<jscode>
var coreObj = new ActiveXObject("Twebst.Core");
var browser = coreObj.StartBrowser("http://www.codecentrix.com/");

var element = browser.FindElement("a", "text=Download");
element.Click();
		</jscode>
	</example>

	<seealso>
		<seealso_item>Element</seealso_item>
		<seealso_item>InputText</seealso_item>
		<seealso_item>RightClick</seealso_item>
		<seealso_item>Select</seealso_item>
		<seealso_item>useHardwareInputEvents</seealso_item>
	</seealso>
</topic>
