<?xml version="1.0" encoding="utf-8" ?>
<?xml-stylesheet type="text/xsl" href="..\XSL\overview.xsl"?>

<overview name="ElementList" type="object">
	<description>
		The element list object represents a list of Element objects. Each element object in
		the list represents a native <i>Internet Explorer</i> element object ( <a target="_blank" href="http://msdn.microsoft.com/en-us/library/aa752279(VS.85).aspx">IHTMLElement</a> ).
		It provides properties to access the element objects in the list.
	</description>


	<creation>
		<creat_method>
			var elementListObj = browserObj.FindAllElements(Search conditions);
		</creat_method>
		
		<creat_method>
			var elementListObj = frameObj.FindAllElements(Search conditions);
		</creat_method>

		<creat_method>
			var elementListObj = frameObj.FindChildrenElements(Search conditions);
		</creat_method>
		
		<creat_method>
			var elementListObj = elementObj.FindAllElements(Search conditions);
		</creat_method>
		
		<creat_method>
			var elementListObj = elementObj.FindChildrenElements(Search conditions);
		</creat_method>
	</creation>


	<properties>
		<property>
			<prop_name><reference href="coreProp.htm">core</reference></prop_name>
			<prop_desc>Returns a reference to the parent Core object of the element list.</prop_desc>
		</property>

		<property>
			<prop_name><reference>item</reference></prop_name>
			<prop_desc>Retrieves an Element object from the list based on a given index.</prop_desc>
		</property>

		<property>
			<prop_name><reference>length</reference></prop_name>
			<prop_desc>Retrieves the number of Element objects in the list.</prop_desc>
		</property>
	</properties>

	<seealso>
		<seealso_item>Core</seealso_item>
		<seealso_item>Browser</seealso_item>
		<seealso_item>BrowserList</seealso_item>
		<seealso_item>Element</seealso_item>
		<seealso_item>Frame</seealso_item>
		<seealso_item>FrameList</seealso_item>
	</seealso>
</overview>
