<?xml version="1.0" encoding="utf-8" ?>
<?xml-stylesheet type="text/xsl" href="..\XSL\topic.xsl"?>

<topic name="FindModalHtmlDialog" type="method">
	<description>
		<warning>Not available in FREE version!</warning><br/>
		Searches a modal dialog box that displays a HTML document.
	</description>

	<apply>
		<apply_item>Browser</apply_item>
	</apply>

	<call>
    var modalFrame = browser.FindModalHtmlDialog();
  </call>

	<arguments>
    <arg_summary>
      None.
    </arg_summary>
	</arguments>

	<remarks>
    The method returns a Frame object corresponding to a HTML modal dialog box created by <a target="_blank" href="http://msdn.microsoft.com/en-us/library/ms536759.aspx">showModalDialog</a> method.
    If no modal HTML dialog box is found, then <i>null</i> is returned. <i>Internet Explorer</i> pop-up blocker may block HTML dialogs.
	In case of an error the method throws a script exception and the lastError property of the core object is set as follows:
		<ul>
			<li>BROWSER_CONNECTION_LOST_ERROR: if the browser was closed.</li>
			<li>FAIL_ERROR: in case of anohter error.</li>
		</ul>
		<p>
		  The time allocated for search is specified by the searchTimeout property.
		  If loadTimeout is not zero, then the method waits the browser objects to be completely loaded in the amount of time specified by the property.
		  If the timeout has expired the lastError property is set to LOAD_TIMEOUT_ERROR. In this case, if loadTimeoutIsError property is true,
		  then a script exception is thrown.
		</p>
	</remarks>

	<example>
		<jscode>
var coreObj = new ActiveXObject("Twebst.Core");
var browser = coreObj.StartBrowser("http://www.codecentrix.com/tests/htmdlg.htm");
var openBtn = brws.FindElement("input button", "text=Open Modal Box");

// Click the button that opens the modal dialog.
openBtn.Click();

var modalFrame = browser.FindModalHtmlDialog();

WScript.Sleep(2000);

// Click the button that closes the modal dialog.
var closeBtn = modalFrame.FindElement("input button");
closeBtn.Click();
		</jscode>
	</example>

	<seealso>
		<seealso_item>Browser</seealso_item>
		<seealso_item>Frame</seealso_item>
		<seealso_item>FindChildFrame</seealso_item>
		<seealso_item>FindFrame</seealso_item>
		<seealso_item>FindModelessHtmlDialog</seealso_item>
		<seealso_item>searchTimeout</seealso_item>
	</seealso>
</topic>
