<?xml version="1.0" encoding="utf-8" ?>
<?xml-stylesheet type="text/xsl" href="..\XSL\topic.xsl"?>

<topic name="FindChildFrame" type="method">
	<description>
		<warning>Not available in FREE version!</warning><br/>
		Searches inside a Frame container object, a direct child <i>frame</i> or <i>iframe</i> that verifies a list of <reference href="SearchCondition.htm">Search Conditions</reference>.
	</description>

	<apply>
		<apply_item>Frame</apply_item>
	</apply>

	<call>
		var f = frame.FindChildFrame(Search conditions);
	</call>

	<arguments>
		<arg_summary>
			This method accepts a variable number of <reference href="SearchCondition.htm">Search Condition</reference> arguments.
			If no search condition is provided, then the first frame in the container is returned.
			Any HTML <i>frame</i> or <i>iframe</i> attribute is accepted in search conditions.
		</arg_summary>
	</arguments>

	<remarks>
		The method returns a Frame object that matches the search condition arguments.
		If no frame verifies the search conditions, then <i>null</i> is returned.<br/>
		In case of an error the method throws a script exception and the lastError property of the core object is set as follows:
		<ul>
			<li>INVALID_ARG_ERROR: if invalid parameters are provided</li>
			<li>BROWSER_CONNECTION_LOST_ERROR: if the browser was closed.</li>
			<li>FAIL_ERROR: in case of anohter error.</li>
		</ul>
		<p>
		The time allocated for search is specified by the searchTimeout property. The search is affected by useRegExp property.
		If loadTimeout is not zero, then the method waits the browser objects to be completely loaded in the amount of time specified by the property.
		If the timeout has expired the lastError property is set to LOAD_TIMEOUT_ERROR. In this case, if loadTimeoutIsError property is true,
		then a script exception is thrown.
		</p>

		<p>
			The method searches only the direct children frames of the container frame.
		</p>
	</remarks>

	<example>
		<jscode>
None.
		</jscode>
	</example>

	<seealso>
		<seealso_item>Frame</seealso_item>
		<seealso_item>FindFrame</seealso_item>
		<seealso_item>loadTimeout</seealso_item>
		<seealso_item>searchTimeout</seealso_item>
		<seealso_item>useRegExp</seealso_item>
	</seealso>
</topic>
