<?xml version="1.0" encoding="utf-8" ?>
<?xml-stylesheet type="text/xsl" href="..\XSL\topic.xsl"?>

<topic name="FindAllFrames" type="method">
	<description>
		Searches inside a container object, the list of all HTML <i>frame</i> and <i>iframe</i> objects that verify
		a list of <reference href="SearchCondition.htm">search conditions</reference>.
	</description>

	<apply>
		<apply_item>Browser</apply_item>
		<apply_item>Frame</apply_item>
	</apply>

	<call>
		var frameList = obj.FindAllFrames(Search conditions);
	</call>

	<arguments>
		<arg_summary>
			This method accepts a variable number of <reference href="SearchCondition.htm">Search Condition</reference> arguments.
			If no search condition is provided, then the collection of all <i>frame</i> and <i>iframe</i> objects in the
			container is returned.
			Any HTML <i>frame</i> or <i>iframe</i> attribute is accepted in search conditions.
		</arg_summary>
	</arguments>

	<remarks>
		The method returns a FrameList object containing <i>frame</i> and <i>iframe</i> objects that match the search
		condition arguments. If no <i>frame</i> and <i>iframe</i> object verifies the search conditions, then an empty
		list is returned.<br/>
		In case of an error the method throws a script exception and the lastError property of the core object is set as follows:
		<ul>
			<li>INVALID_ARG_ERROR: if invalid parameters are provided</li>
			<li>BROWSER_CONNECTION_LOST_ERROR: if the browser was closed.</li>
			<li>FAIL_ERROR: in case of anohter error.</li>
		</ul>
		<p>
			The time allocated for search is specified by the searchTimeout property. The search is affected by useRegExp property.
			If loadTimeout is not zero, then the method waits the browser objects to be completely loaded in the amount of time specified by the property.
			If the timeout has expired the lastError property is set to LOAD_TIMEOUT_ERROR. In this case, if loadTimeoutIsError property is true,
			then a script exception is thrown.
		</p>

		<p>
			If the container object is a Browser, then the method searches the frames in all the <i>frame</i> and
			<i>iframe</i> hierarchy of the browser.
			If the container object is a Frame, then the method searches the frames in all the <i>frame</i> and
			<i>iframe</i> hierarchy of the container frame.
		</p>
	</remarks>

	<example>
		<jscode>

var coreObj    = new ActiveXObject("Twebst.Core");
var browser    = coreObj.StartBrowser("http://www.codecentrix.com/");

var textToDisplay = "";
var frameList     = browser.FindAllFrames();
for (i = 0; i &lt; frameList.length; ++i)
{
	textToDisplay += frameList(i).nativeFrame.document.URL + "\n";
}
WScript.Echo(textToDisplay);
		</jscode>
	</example>

	<seealso>
		<seealso_item>Frame</seealso_item>
		<seealso_item>FindChildrenFrames</seealso_item>
		<seealso_item>loadTimeout</seealso_item>
		<seealso_item>searchTimeout</seealso_item>
		<seealso_item>useRegExp</seealso_item>
	</seealso>
</topic>
