<?xml version="1.0" encoding="utf-8" ?>
<?xml-stylesheet type="text/xsl" href="..\XSL\topic.xsl"?>

<topic name="FindAllBrowsers" type="method">
	<description>
		<warning>Not available in FREE version!</warning><br/>
		Searches for multiple instances of <i>Internet Explorer</i> browser that verify a list of <reference href="SearchCondition.htm">Search Conditions</reference>.
	</description>

	<apply>
		<apply_item>Core</apply_item>
	</apply>

	<call>
		var browserList = coreObj.FindAllBrowsers(Search conditions);
	</call>

	<arguments>
		<arg_summary>
			This method accepts a variable number of <reference href="SearchCondition.htm">Search Condition</reference> arguments.
			The following attributes are accepted in search conditions:
		</arg_summary>

		<arg><code>TITLE</code> condition on the title of the browser window</arg>
		<arg><code>URL</code> condition on the url of the web page</arg>
		<arg><code>TID</code> condition on the thread id of the <i>Internet Explorer</i>Internet Explorer window</arg>
		<arg><code>PID</code> condition on the process id of the <i>Internet Explorer</i> instance</arg>
	</arguments>

	<remarks>
		The method returns a BrowserList object. The Browser objects in the list match the search condition arguments.
		If no browser verifies the search conditions, then an empty list is returned.<br/>
		In case of an error the method throws a script exception and the lastError property of the core object is set as follows:
		<ul>
			<li>INVALID_ARG_ERROR: if invalid parameters are provided</li>
			<li>FAIL_ERROR: in case of anohter error.</li>
		</ul>
		<p>
		If loadTimeout is not zero, then the method waits all browser objects in the list to be completely loaded in the amount of time specified by the property.
		If the timeout has expired the lastError property is set to LOAD_TIMEOUT_ERROR. In this case, if loadTimeoutIsError property is true,
		then a script exception is thrown.<br/>
		The search is affected by useRegExp property.
		</p>
	</remarks>

	<example>
		<jscode>
// Find all browsers by using a regular expression.
// Do not wait the browsers in the list to be completely loaded.
// Close all the browsers in the list.

var coreObj         = new ActiveXObject("Twebst.Core");
coreObj.loadTimeout = 0;
coreObj.useRegExp   = true;

var browserList = coreObj.FindAllBrowsers("title=.*");
for (i = 0; i &lt; browserList.<reference>length</reference>; ++i)
{
	browserList(i).nativeBrowser.Quit();
}
		</jscode>
	</example>

	<seealso>
		<seealso_item>Core</seealso_item>
		<seealso_item>BrowserList</seealso_item>
		<seealso_item>FindBrowser</seealso_item>
		<seealso_item>foregroundBrowser</seealso_item>
		<seealso_item>loadTimeout</seealso_item>
		<seealso_item>useRegExp</seealso_item>
	</seealso>
</topic>
