<?xml version="1.0" encoding="utf-8" ?>
<?xml-stylesheet type="text/xsl" href="..\XSL\topic.xsl"?>

<topic name="FindBrowser" type="method">
	<description>
		<warning>Not available in FREE version!</warning><br/>
		Searches for an existing instance of <i>Internet Explorer</i> browser that verifies a list of <reference href="SearchCondition.htm">Search Conditions</reference>.
	</description>

	<apply>
		<apply_item>Core</apply_item>
	</apply>

	<call>
		var b = coreObj.FindBrowser(Search conditions);
	</call>

	<arguments>
		<arg_summary>
			This method accepts a variable number of <reference href="SearchCondition.htm">Search Condition</reference> arguments.
			The following attributes are accepted in search conditions:
		</arg_summary>

		<arg><code>TITLE</code> condition on the title of the browser window</arg>
		<arg><code>URL</code> condition on the url of the web page</arg>
		<arg><code>TID</code> condition on the thread id of the <i>Internet Explorer</i> window</arg>
		<arg><code>PID</code> condition on the process id of the <i>Internet Explorer</i> instance</arg>
	</arguments>

	<remarks>
		The method returns a Browser object that matches the search condition arguments.
		If no browser verifies the search conditions, then <i>null</i> is returned.<br/>
		In case of an error the method throws a script exception and the lastError property of the core object is set as follows:
		<ul>
			<li>INVALID_ARG_ERROR: if invalid parameters are provided</li>
			<li>FAIL_ERROR: in case of anohter error.</li>
		</ul>
		<p>
		The time allocated for search is specified by the searchTimeout property. The search is affected by useRegExp property.
		</p>
	</remarks>

	<example>
		<jscode>
var coreObj = new ActiveXObject("Twebst.Core");
var browser = coreObj.FindBrowser("URL=http://www.codecentrix.com/");

// If the browser is found, bring the brower window in foreground.
if (browser != null)
{
	browser.ShowBrowserWindow(browser.SHOW_IN_FOREGROUND);
}
		</jscode>
	</example>

	<seealso>
		<seealso_item>Core</seealso_item>
		<seealso_item>Browser</seealso_item>
		<seealso_item>FindAllBrowsers</seealso_item>
		<seealso_item>foregroundBrowser</seealso_item>
		<seealso_item>searchTimeout</seealso_item>
		<seealso_item>useRegExp</seealso_item>
	</seealso>
</topic>
