<?xml version="1.0" encoding="utf-8" ?>
<?xml-stylesheet type="text/xsl" href="..\XSL\topic.xsl"?>

<topic name="foregroundBrowser" type="property">
	<description>
		Returns a library Browser object attached to foreground <i>Internet Explorer</i> instance (the browser with which the user is currently working).
	</description>

	<apply>
		<apply_item>Core</apply_item>
	</apply>

	<call>
		var b = coreObj.foregroundBrowser;
	</call>

	<arguments>
		<arg_summary>None.</arg_summary>
	</arguments>

	<remarks>
		The property is <i>null</i> if no <i>Internet Explorer</i> is in foreground.
	</remarks>

	<example>
		<jscode>
// Make the foreground browser to navigate; start a new browser if there is no browser in foreground.
var coreObj = new ActiveXObject("Twebst.Core");
var b       = coreObj.foregroundBrowser;

if (b == null)
{
	// No foreground browser.
	b = coreObj.StartBrowser("http://www.codecentrix.com/");
}
else
{
	b.Navigate("http://www.codecentrix.com/");
}
		</jscode>
	</example>

	<seealso>
		<seealso_item>Browser</seealso_item>
		<seealso_item>Core</seealso_item>
		<seealso_item>FindBrowser</seealso_item>
		<seealso_item>StartBrowser</seealso_item>
	</seealso>
</topic>
