<?xml version="1.0" encoding="utf-8" ?>
<?xml-stylesheet type="text/xsl" href="..\XSL\overview.xsl"?>

<overview name="FrameList" type="object">
	<description>
		The frame list object represents a list of Frame objects. Each frame object in
		the list represents a native <i>Internet Explorer</i> window object ( <a target="_blank" href="http://msdn.microsoft.com/en-us/library/aa741505(VS.85).aspx">IHTMLWindow2</a> ).
		It provides properties to access the frame objects in the list.
	</description>


	<creation>
		<creat_method>
			var frameListObj = browserObj.FindAllFrames(Search conditions);
		</creat_method>
		
		<creat_method>
			var frameListObj = frameObj.FindAllFrames(Search conditions);
		</creat_method>
		
		<creat_method>
			var frameListObj = frameObj.FindChildrenFrames(Search conditions);
		</creat_method>
	</creation>


	<properties>
		<property>
			<prop_name><reference href="coreProp.htm">core</reference></prop_name>
			<prop_desc>Returns a reference to the parent Core object of the frame list.</prop_desc>
		</property>

		<property>
			<prop_name><reference>item</reference></prop_name>
			<prop_desc>Retrieves a Frame object from the list based on a given index.</prop_desc>
		</property>

		<property>
			<prop_name><reference>length</reference></prop_name>
			<prop_desc>Retrieves the number of Frame objects in the list.</prop_desc>
		</property>
	</properties>

	<seealso>
		<seealso_item>Core</seealso_item>
		<seealso_item>Browser</seealso_item>
		<seealso_item>BrowserList</seealso_item>
		<seealso_item>Element</seealso_item>
		<seealso_item>ElementList</seealso_item>
		<seealso_item>Frame</seealso_item>
	</seealso>
</overview>
