<?xml version="1.0" encoding="utf-8" ?>
<?xml-stylesheet type="text/xsl" href="..\XSL\topic.xsl"?>

<topic name="Highlight" type="method">
	<description>
		Highlights the HTML element.
	</description>

	<apply>
		<apply_item>Element</apply_item>
	</apply>

	<call>
		elementObj.Highlight();
	</call>

	<arguments>
		<arg_summary>
			None.
		</arg_summary>
	</arguments>

	<remarks>
		The method will cause the border of the HTML element to flash so that it can be easily located on the screen.
		This method can be useful for debugging when you want to verify that the correct element was found.
	</remarks>

	<example>
		<jscode>
var coreObj = new ActiveXObject("Twebst.Core");
var browser = coreObj.StartBrowser("http://www.codecentrix.com");

var element = browser.FindElement("a", "text=Download");
element.Highlight();
		</jscode>
	</example>

	<seealso>
		<seealso_item>Element</seealso_item>
		<seealso_item>nativeElement</seealso_item>
		<seealso_item><reference>text</reference></seealso_item>
	</seealso>
</topic>
