<?xml version="1.0" encoding="utf-8" ?>
<?xml-stylesheet type="text/xsl" href="..\XSL\topic.xsl"?>

<topic name="ieWindow" type="property">
	<description>
		<warning>Not available in FREE version!</warning><br/>
		Returns the handle for <i>Internet Explorer_Server</i> window of the <i>Internet Explorer</i> instance represented by the current Browser object.
	</description>

	<apply>
		<apply_item>Browser</apply_item>
	</apply>

	<call>
		var hwnd = browserObj.ieWnd;
	</call>

	<arguments>
		<arg_summary>None.</arg_summary>
	</arguments>

	<remarks>
		The <i>Internet Explorer_Server</i> window exists only if the browser displays an HTML document.
		The property is searching for window handle in the amount of time specified by loadTimeout property.
		If load timeout has expired and it was not possible to get a vadlid window handle, then lastError property
		is set to FAIL_ERROR and a script exception is thrown.
		In case of an error the method throws a script exception and the lastError property of the core object is set as follows:
		<ul>
			<li>INVALID_ARG_ERROR: if invalid parameters are provided</li>
			<li>FAIL_ERROR: in case of anohter error.</li>
		</ul>
	</remarks>

	<example>
		<jscode>	
var coreObj    = new ActiveXObject("Twebst.Core");
var newBrowser = coreObj.StartBrowser("http://www.codecentrix.com/");
WScript.Echo(newBrowser.ieWindow);
		</jscode>
	</example>

	<seealso>
		<seealso_item>Browser</seealso_item>
		<seealso_item>foregroundBrowser</seealso_item>
		<seealso_item>processId</seealso_item>
		<seealso_item>tabWindow</seealso_item>
		<seealso_item>threadId</seealso_item>
		<seealso_item>topWindow</seealso_item>
	</seealso>
</topic>
