<?xml version="1.0" encoding="utf-8" ?>
<?xml-stylesheet type="text/xsl" href="..\XSL\topic.xsl"?>

<topic name="InputText" type="method">
	<description>
		Simulates keystrokes in HTML editable controls.
	</description>

	<apply>
		<apply_item>Element</apply_item>
	</apply>

	<call>
		elementObj.InputText("input_string");
	</call>

	<arguments>
		<arg><code>input_string</code> is the string that contains the keystrokes to be generated.</arg>
	</arguments>

	<remarks>
		The method simulates a keystrokes in HTML editable controls, using hardware or
		<i>Internet Explorer</i> events, depending on useHardwareInputEvents property. If the method
		is applied to an Element that is not an editable control, then a script exception is
		thrown and the lastError property is set to INVALID_OPERATION_ERROR.
	</remarks>

	<example>
		<jscode>
// Assume nativeEdit is a &lt;input type="text"&gt; HTML element.
var coreObj = new ActiveXObject("Twebst.Core");
var e       = coreObj.AttachToNativeElement(nativeEdit);
e.InputText("abcdefgh");
		</jscode>
	</example>

	<seealso>
		<seealso_item>Element</seealso_item>
		<seealso_item>Click</seealso_item>
		<seealso_item>Select</seealso_item>
		<seealso_item>useHardwareInputEvents</seealso_item>
	</seealso>
</topic>
