<?xml version="1.0" encoding="utf-8" ?>
<?xml-stylesheet type="text/xsl" href="..\XSL\topic.xsl"?>

<topic name="isLoading" type="property">
	<description>
		Returns a boolean value indicating whether the browser is engaged in a navigation operation.
	</description>

	<apply>
		<apply_item>Browser</apply_item>
	</apply>

	<call>
		var loading = browserObj.isLoading;
	</call>

	<arguments>
		<arg_summary>None.</arg_summary>
	</arguments>

	<remarks>
		Returns <i>true</i> if the browser is engaged in a navigation or loading operation, <i>false</i> otherwise.
		In case of failure this property throws a script exception and the lastError property of the Core object is set to FAIL_ERROR or BROWSER_CONNECTION_LOST_ERROR.
	</remarks>

	<example>
		<jscode>
var coreObj    = new ActiveXObject("Twebst.Core");
var newBrowser = coreObj.StartBrowser("http://www.codecentrix.com");

WScript.Sleep(100); // Give a chance to the browser to start navigation.
while (newBrowser.isLoading)
{
	// Wait the browser to load.
}

WScript.Echo(newBrowser.title);
		</jscode>
	</example>

	<seealso>
		<seealso_item>Browser</seealso_item>
		<seealso_item>Navigate</seealso_item>
		<seealso_item>WaitToLoad</seealso_item>
		<seealso_item>navigationError</seealso_item>
	</seealso>
</topic>
