<?xml version="1.0" encoding="utf-8" ?>
<?xml-stylesheet type="text/xsl" href="..\XSL\topic.xsl"?>

<topic name="item" type="property">
	<description>
		Retrieves an object from a list based on a given index.
	</description>

	<apply>
		<apply_item>BrowserList</apply_item>
		<apply_item>ElementList</apply_item>
		<apply_item>FrameList</apply_item>
	</apply>

	<call>
		var obj = objList.item(index);
	</call>

	<arguments>
		<arg><code>index</code> is the zero based ordinal position of the object to be retrieved from the list.</arg>
	</arguments>

	<remarks>
		Because <i>item</i> is the default property of the list objects, it can be omitted. In this case,
		the index can applied directly to the list object (see the example bellow). If the <i>index</i> parameter
		is greater than the index of the last object in the list, a script exception is thrown. In this case
		the lastError property of the Core object is set to INDEX_OUT_OF_BOUND_ERROR.
	</remarks>

	<example>
		<jscode>	
// Find all existing browsers using a regular expression.
// Display the title of  all browsers in the list.
var coreObj         = new ActiveXObject("Twebst.Core");
coreObj.loadTimeout = 0;
coreObj.useRegExp   = true;

var titles      = "";
var browserList = coreObj.FindAllBrowsers("title=.*");
for (i = 0; i &lt; browserList.<reference>length</reference>; ++i)
{
	// The line bellow can be also writen like: titles += browserList(i).title;
	titles += browserList.item(i).<reference>title</reference>;
	titles += "\n";
}

WScript.Echo(titles);
		</jscode>
	</example>

	<seealso>
		<seealso_item>BrowserList</seealso_item>
		<seealso_item>ElementList</seealso_item>
		<seealso_item>FrameList</seealso_item>
		<seealso_item><reference>length</reference></seealso_item>
	</seealso>
</topic>
