<?xml version="1.0" encoding="utf-8" ?>
<?xml-stylesheet type="text/xsl" href="..\XSL\topic.xsl"?>

<topic name="length" type="property">
	<description>
		Retrieves the number of objects in a list.
	</description>

	<apply>
		<apply_item>BrowserList</apply_item>
		<apply_item>ElementList</apply_item>
		<apply_item>FrameList</apply_item>
	</apply>

	<call>
		var len = listObj.length;
	</call>

	<arguments>
		<arg_summary>None.</arg_summary>
	</arguments>

	<remarks>
		List objects use zero-based indexes. The last index in a list is <i>length</i> - 1.
	</remarks>

	<example>
		<jscode>	
// Display the number of the existing browser windows.
var coreObj         = new ActiveXObject("Twebst.Core");
coreObj.loadTimeout = 0;
coreObj.useRegExp   = true;

var browserList = coreObj.FindAllBrowsers("title=.*");
WScript.Echo(browserList.length);
		</jscode>
	</example>

	<seealso>
		<seealso_item>BrowserList</seealso_item>
		<seealso_item>ElementList</seealso_item>
		<seealso_item>FrameList</seealso_item>
		<seealso_item><reference>item</reference></seealso_item>
	</seealso>
</topic>
