<?xml version="1.0" encoding="utf-8" ?>
<?xml-stylesheet type="text/xsl" href="..\XSL\topic.xsl"?>

<topic name="loadTimeout" type="property">
	<description>
		Sets or retrieves the amount of time library methods wait the web page to load.
	</description>

	<apply>
		<apply_item>Core</apply_item>
	</apply>

	<call>
		coreObj.loadTimeout = numericValue;
	</call>

	<arguments>
		<arg_summary><i>numericValue</i> is the time to wait in milliseconds.</arg_summary>
	</arguments>

	<remarks>
		The default value of the property is 60,000 milliseconds (one minute).<br></br>
		If loadTimeoutIsError property is <i>true</i>, then a script exception is thrown when load timeout expires in one
		of the methods bellow. In this case, the lastError property is set to LOAD_TIMEOUT_ERROR.<br></br>
		The property affects the following methods:	FindAllBrowsers, FindElement, FindChildElement, FindFrame, FindChildFrame,
		FindAllElements, FindChildrenElements, FindAllFrames, FindChildrenFrames, WaitToLoad.
		These methods wait the web page to be completly loaded before they continue.
	</remarks>

	<example>
		<jscode>
None.
		</jscode>
	</example>

	<seealso>
		<seealso_item>Core</seealso_item>
		<seealso_item>lastError</seealso_item>
		<seealso_item>loadTimeoutIsError</seealso_item>
		<seealso_item>searchTimeout</seealso_item>
	</seealso>
</topic>
