<?xml version="1.0" encoding="utf-8" ?>
<?xml-stylesheet type="text/xsl" href="..\XSL\topic.xsl"?>

<topic name="NativeWindowToNativeBrowser" type="method">
	<description>
		Returns a native <I>Internet Explorer</I> browser object ( <a target="_blank" href="http://msdn.microsoft.com/en-us/library/aa752127.aspx">IWebBrowser2</a> )
		from a native window object ( <a target="_blank" href="http://msdn.microsoft.com/en-us/library/aa741505(VS.85).aspx">IHTMLWindow2</a> ).
	</description>

	<apply>
		<apply_item>Core</apply_item>
	</apply>

	<call>
		var nativeBrowser = coreObj.NativeWindowToNativeBrowser(nativeWindow);
	</call>

	<arguments>
		<arg><code>nativeWindow</code> is the native window object to be converted to a native browser.</arg>
	</arguments>

	<remarks>
		The method may return <i>null</i> (for example in case of HTML modal/modeless dialog boxes).
	</remarks>

	<example>
		<jscode>	
None.
		</jscode>
	</example>

	<seealso>
		<seealso_item>AttachToNativeBrowser</seealso_item>
		<seealso_item>AttachToNativeFrame</seealso_item>
		<seealso_item>Core</seealso_item>
		<seealso_item>nativeBrowser</seealso_item>
		<seealso_item>nativeFrame</seealso_item>
		<seealso_item>NativeWindowToNativeDocument</seealso_item>
	</seealso>
</topic>
