<?xml version="1.0" encoding="utf-8" ?>
<?xml-stylesheet type="text/xsl" href="..\XSL\topic.xsl"?>

<topic name="NativeWindowToNativeDocument" type="method">
	<description>
		Returns a native <I>Internet Explorer</I> document object ( <a target="_blank" href="http://msdn.microsoft.com/en-us/library/aa752574(VS.85).aspx">IHTMLDocument2</a> )
		from a native window object ( <a target="_blank" href="http://msdn.microsoft.com/en-us/library/aa741505(VS.85).aspx">IHTMLWindow2</a> ).
	</description>

	<apply>
		<apply_item>Core</apply_item>
	</apply>

	<call>
		var nativeDocument = coreObj.NativeWindowToNativeDocument(nativeWindow);
	</call>

	<arguments>
		<arg><code>nativeWindow</code> is the native window object to be converted to a native document.</arg>
	</arguments>

	<remarks>
		The method is useful when the document is not directly accessible due to cross frame scripting security restriction.
		Read more about this on <a target="_blank" href="http://codecentrix.blogspot.com/2007/10/when-ihtmlwindow2getdocument-returns.html">When IHTMLWindow2::get_document returns E_ACCESSDENIED</a>
		and <a target="_blank" href="http://codecentrix.blogspot.com/2008/02/when-ihtmlwindow2document-throws.html">When IHTMLWindow2.document throws UnauthorizedAccessException</a> articles.
	</remarks>

	<example>
		<jscode>	
None.
		</jscode>
	</example>

	<seealso>
		<seealso_item>AttachToNativeBrowser</seealso_item>
		<seealso_item>AttachToNativeFrame</seealso_item>
		<seealso_item>Core</seealso_item>
		<seealso_item><reference>document</reference></seealso_item>
		<seealso_item>nativeFrame</seealso_item>
		<seealso_item>NativeWindowToNativeBrowser</seealso_item>
	</seealso>
</topic>
