<?xml version="1.0" encoding="utf-8" ?>
<?xml-stylesheet type="text/xsl" href="..\XSL\topic.xsl"?>

<topic name="nativeFrame" type="property">
	<description>
		Returns a native HTML <i>frame</i> or <i>iframe</i> object ( <a target="_blank" href="http://msdn.microsoft.com/en-us/library/aa741505(VS.85).aspx">IHTMLWindow2</a> )
		represented by the current library frame object.
	</description>

	<apply>
		<apply_item>Frame</apply_item>
	</apply>

	<call>
		var native = frameObj.nativeFrame;
	</call>

	<arguments>
		<arg_summary>None.</arg_summary>
	</arguments>

	<remarks>
		This property gives access to all methods and properties of the HTML native <i>frame</i> or <i>iframe</i> object.
	</remarks>

	<example>
		<jscode>	
var coreObj    = new ActiveXObject("Twebst.Core");
var newBrowser = coreObj.StartBrowser("http://codecentrix.blogspot.com/");
var frame      = newBrowser.topFrame.nativeFrame;

frame.navigate("http://www.codecentrix.com");
		</jscode>
	</example>

	<seealso>
		<seealso_item>Frame</seealso_item>
		<seealso_item>nativeBrowser</seealso_item>
		<seealso_item>nativeElement</seealso_item>
	</seealso>
</topic>
