<?xml version="1.0" encoding="utf-8" ?>
<?xml-stylesheet type="text/xsl" href="..\XSL\topic.xsl"?>

<topic name="nativeElement" type="property">
	<description>
		Returns a native HTML element ( <a target="_blank" href="http://msdn.microsoft.com/en-us/library/aa752279(VS.85).aspx">IHTMLElement</a> )
		represented by the current library element object.
	</description>

	<apply>
		<apply_item>Element</apply_item>
	</apply>

	<call>
		var native = elementObj.nativeElement;
	</call>

	<arguments>
		<arg_summary>None.</arg_summary>
	</arguments>

	<remarks>
		This property gives access to all methods and properties of the HTML native element object.
	</remarks>

	<example>
		<jscode>
var coreObj    = new ActiveXObject("Twebst.Core");
var newBrowser = coreObj.StartBrowser("http://www.codecentrix.com/");

var e = newBrowser.FindElement("a", "text=Download");
var native = e.nativeElement;
WScript.Echo(native.outerHTML);
		</jscode>
	</example>

	<seealso>
		<seealso_item>Element</seealso_item>
		<seealso_item>nativeBrowser</seealso_item>
		<seealso_item>nativeFrame</seealso_item>
	</seealso>
</topic>
