<?xml version="1.0" encoding="utf-8" ?>
<?xml-stylesheet type="text/xsl" href="..\XSL\topic.xsl"?>

<topic name="Navigate" type="method">
	<description>
		Navigates the browser to a given url.
	</description>

	<apply>
		<apply_item>Browser</apply_item>
	</apply>

	<call>
		browserObj.Navigate(url_string);
	</call>

	<arguments>
		<arg><code>url_string</code> is the URL where the browser will navigate.</arg>
	</arguments>

	<remarks>
		In case of failure this method throws a script exception and the lastError property of the Core object is set to FAIL_ERROR or BROWSER_CONNECTION_LOST_ERROR.
	</remarks>

	<example>
		<jscode>	
var coreObj    = new ActiveXObject("Twebst.Core");
var newBrowser = coreObj.StartBrowser("http://www.codecentrix.blogspot.com/");
newBrowser.Navigate("http://www.codecentrix.com/");
		</jscode>
	</example>

	<seealso>
		<seealso_item>Browser</seealso_item>
		<seealso_item>StartBrowser</seealso_item>
		<seealso_item>StartHiddenBrowser</seealso_item>
		<seealso_item>WaitToLoad</seealso_item>
		<seealso_item>isLoading</seealso_item>
		<seealso_item>navigationError</seealso_item>
	</seealso>
</topic>
