<?xml version="1.0" encoding="utf-8" ?>
<?xml-stylesheet type="text/xsl" href="..\XSL\topic.xsl"?>

<topic name="navigationError" type="property">
	<description>
		Returns the browser HTTP <a target="_blank" href="http://msdn.microsoft.com/library/default.asp?url=/workshop/browser/webbrowser/reference/constants/statuscodesvb.asp">navigation error code</a>.
	</description>

	<apply>
		<apply_item>Browser</apply_item>
	</apply>

	<call>
		var err = browserObj.navigationError;
	</call>

	<arguments>
		<arg_summary>None.</arg_summary>
	</arguments>

	<remarks>
		If no HTTP error has occured the returned code is zero.
	</remarks>

	<example>
		<jscode>
// Navigate to an invalid url and display the navigation error code.
var coreObj    = new ActiveXObject("Twebst.Core");
var newBrowser = coreObj.StartBrowser("a");

newBrowser.WaitToLoad();
WScript.Echo(newBrowser.navigationError);
		</jscode>
	</example>

	<seealso>
		<seealso_item>Browser</seealso_item>
		<seealso_item>Navigate</seealso_item>
		<seealso_item>lastError</seealso_item>
	</seealso>
</topic>
