<?xml version="1.0" encoding="utf-8" ?>
<?xml-stylesheet type="text/xsl" href="..\XSL\topic.xsl"?>

<topic name="parentFrame" type="propety">
	<description>
		Returns the parent Frame object of the current Element or Frame.
		Returns <i>null</i> if the current frame has no parent because is the top frame.
	</description>

	<apply>
		<apply_item>Element</apply_item>
		<apply_item>Frame</apply_item>
	</apply>

	<call>
		var f = obj.parentFrame;
	</call>

	<arguments>
		<arg_summary>None.</arg_summary>
	</arguments>

	<remarks>
		This method can be useful if you already have a native <i>element</i> and you need the parent Frame.
	</remarks>

	<example>
		<jscode>
// "e" is a native HTML element.
var coreObj            = new ActiveXObject("Twebst.Core");
var firstAnchorInFrame = coreObj.AttachToNativeElement(e).parentFrame.FindElement("a");
		</jscode>
	</example>

	<seealso>
		<seealso_item>Element</seealso_item>
		<seealso_item>Frame</seealso_item>
		<seealso_item>parentBrowser</seealso_item>
		<seealso_item>parentElement</seealso_item>
	</seealso>
</topic>
