<?xml version="1.0" encoding="utf-8" ?>
<?xml-stylesheet type="text/xsl" href="..\XSL\topic.xsl"?>

<topic name="previousSiblingElement" type="propety">
	<description>
		Returns the previous child of the parent for the object.
	</description>

	<apply>
		<apply_item>Element</apply_item>
	</apply>

	<call>
		var e = elementObj.previsouSiblingElement;
	</call>

	<arguments>
		<arg_summary>None.</arg_summary>
	</arguments>

	<remarks>
		If the current element is the first child, then <i>null</i> is returned.
	</remarks>

	<example>
		<jscode>
None.
		</jscode>
	</example>

	<seealso>
		<seealso_item>Element</seealso_item>
		<seealso_item>parentElement</seealso_item>
		<seealso_item>nextSiblingElement</seealso_item>
	</seealso>
</topic>
