<?xml version="1.0" encoding="utf-8" ?>
<?xml-stylesheet type="text/xsl" href="..\XSL\topic.xsl"?>

<topic name="processId" type="property">
	<description>
		<warning>Not available in FREE version!</warning><br/>
		Returns the process ID of the <i>Internet Explorer</i> instance represented by the current Browser object.
	</description>

	<apply>
		<apply_item>Browser</apply_item>
	</apply>

	<call>
		var pid = browserObj.processId;
	</call>

	<arguments>
		<arg_summary>None.</arg_summary>
	</arguments>

	<remarks>
		The returned process ID can be used in <reference href="SearchCondition.htm">Search conditions</reference> for FindBrowser and FindAllBrowsers methods.
	</remarks>

	<example>
		<jscode>	
var coreObj    = new ActiveXObject("Twebst.Core");
var newBrowser = coreObj.StartBrowser("http://www.codecentrix.com/");
WScript.Echo(newBrowser.processId);
		</jscode>
	</example>

	<seealso>
		<seealso_item>Browser</seealso_item>
		<seealso_item>FindBrowser</seealso_item>
		<seealso_item>FindAllBrowsers</seealso_item>
		<seealso_item>foregroundBrowser</seealso_item>
		<seealso_item>threadId</seealso_item>
		<seealso_item>useRegExp</seealso_item>
	</seealso>
</topic>
