<?xml version="1.0" encoding="utf-8" ?>
<?xml-stylesheet type="text/xsl" href="..\XSL\topic.xsl"?>

<topic name="productName" type="property">
	<description>
		Returns the name of the installed Twebst Library.
	</description>

	<apply>
		<apply_item>Core</apply_item>
	</apply>

	<call>
		var name = core.productName;
	</call>

	<arguments>
		<arg_summary>None.</arg_summary>
	</arguments>

	<remarks>
		The product name depends on the currently installed Twebst Library edition:
		<ul>
			<li><i>Twebst Library Free Edition</i></li>
			<li><i>Twebst Library Pro</i></li>
		</ul>
	</remarks>

	<example>
		<jscode>	
var coreObj = new ActiveXObject("Twebst.Core");
var name    = coreObj.productName;
WScript.Echo(name);
		</jscode>
	</example>

	<seealso>
		<seealso_item>Core</seealso_item>
		<seealso_item>productVersion</seealso_item>
	</seealso>
</topic>
