<?xml version="1.0" encoding="utf-8" ?>
<?xml-stylesheet type="text/xsl" href="..\XSL\topic.xsl"?>

<topic name="RightClick" type="method">
	<description>
		<warning>Not available in FREE version!</warning><br/>
		Simulates a right click on a HTML element.
	</description>

	<apply>
		<apply_item>Element</apply_item>
	</apply>

	<call>
		elementObj.RightClick();
	</call>

	<arguments>
		<arg_summary>
			None.
		</arg_summary>
	</arguments>

	<remarks>
		The method simulates a right click on the HTML element using hardware or <i>Internet Explorer</i> events,
		depending on useHardwareInputEvents property.
	</remarks>

	<example>
		<jscode>
None.
		</jscode>
	</example>

	<seealso>
		<seealso_item>Click</seealso_item>
		<seealso_item>Element</seealso_item>
		<seealso_item>InputText</seealso_item>
		<seealso_item>Select</seealso_item>
		<seealso_item>useHardwareInputEvents</seealso_item>
	</seealso>
</topic>
