<?xml version="1.0" encoding="utf-8" ?>
<?xml-stylesheet type="text/xsl" href="..\XSL\topic.xsl"?>

<topic name="SaveElementImage" type="method">
	<description>
		Save the screen image of the HTML element to a graphic file.
	</description>

	<apply>
		<apply_item>Element</apply_item>
	</apply>

	<call>
		elementObj.SaveElementImage("file_name");
	</call>

	<arguments>
		<arg><code>file_name</code> is the name of the graphic file where the image will be saved.</arg>
	</arguments>

	<remarks>
		The method saves the image (as it appears on the screen) of an HTML element in a specified graphic file.<br></br>
		It can be applied to &lt;body&gt;, &lt;img&gt; and &lt;input type=image&gt; elements, otherwise
		a script exception is thrown and the lastError property is set to INVALID_OPERATION_ERROR.
		The supported image file formats are: BMP, GIF, JPG, PNG. An extension for the image file
		name must be provided.
	</remarks>

	<example>
		<jscode>
// Save all the existing images in a web page.
var coreObj = new ActiveXObject("Twebst.Core");
var browser = coreObj.StartBrowser("http://www.codecentrix.com");

var images = browser.FindAllElements("img");
for (i = 0; i &lt; images.length; ++i)
{
	images(i).SaveElementImage("c:\\img" + i + ".jpg");
}
		</jscode>
	</example>

	<seealso>
		<seealso_item>Element</seealso_item>
		<seealso_item>Highlight</seealso_item>
	</seealso>
</topic>
