<?xml version="1.0" encoding="utf-8" ?>
<?xml-stylesheet type="text/xsl" href="..\XSL\topic.xsl"?>

<topic name="searchTimeout" type="property">
	<description>
		Sets or retrieves the amount of time library methods try to find HTML objects in web pages.
	</description>

	<apply>
		<apply_item>Core</apply_item>
	</apply>

	<call>
		coreObj.searchTimeout = numericValue;
	</call>

	<arguments>
		<arg_summary><i>numericValue</i> is the time to wait in milliseconds.</arg_summary>
	</arguments>

	<remarks>
		The default value of the property is 10,000 milliseconds (10 seconds).<br></br>
		The property affects the following methods:	FindBrowser, FindElement, FindChildElement, FindFrame, FindChildFrame,
		FindAllElements, FindChildrenElements, FindAllFrames, FindChildrenFrames, WaitToLoad.
		After the web page is completely loaded, these methods try to fo find HTML objects in the amount of time specified
		by the property.
	</remarks>

	<example>
		<jscode>
None.
		</jscode>
	</example>

	<seealso>
		<seealso_item>Core</seealso_item>
		<seealso_item>lastError</seealso_item>
		<seealso_item>loadTimeout</seealso_item>
		<seealso_item>loadTimeoutIsError</seealso_item>
	</seealso>
</topic>
