<?xml version="1.0" encoding="utf-8" ?>
<?xml-stylesheet type="text/xsl" href="..\XSL\topic.xsl"?>

<topic name="Select" type="method">
	<description>
		Selects items in HTML combo-box or list-box controls.
	</description>

	<apply>
		<apply_item>Element</apply_item>
	</apply>

	<call>
		elementObj.Select(item_to_select);
	</call>

	<arguments>
		<arg><code>item_to_select</code> is the text or the ordinal position of the item to be selected.</arg>
	</arguments>

	<remarks>
		Any previous selection in the HTML control is removed.<br></br>
		The input parameter can be:
		<ul>
			<li>a number that represents the zero-based ordinal position of the item to be selected.</li>
			<li>
				a string that represents the text of the item to be selected.
				If useRegExp property is <i>true</i>:
				<ul>
					<li>For multiple selection list-box all the items that match the input regular expression are selected.</li>
					<li>For combo-box and single selection list-box, the first item that matches the input regular expression 
					is selected.</li>
				</ul>
			</li>
		</ul>
		If no item matches the input parameter, then a script exception is thrown and the lastError property is set to NOT_FOUND_ERROR<br></br>
		If the method is applied to an Element that is not a combo-box or list-box control, then a script exception is
		thrown and the lastError property is set to INVALID_OPERATION_ERROR.
	</remarks>

	<example>
		<jscode>
// Assume nativeCombo is a &lt;select&gt; HTML element.
// Select the first item in the combo-box.
var coreObj = new ActiveXObject("Twebst.Core");
var combo   = coreObj.AttachToNativeElement(nativeCombo);
combo.Select(0);
		</jscode>
	</example>

	<seealso>
		<seealso_item>Element</seealso_item>
		<seealso_item>AddSelection</seealso_item>
		<seealso_item>AddSelectionRange</seealso_item>
		<seealso_item>Click</seealso_item>
		<seealso_item>ClearSelection</seealso_item>
		<seealso_item>InputText</seealso_item>
		<seealso_item>SelectRange</seealso_item>
	</seealso>
</topic>
