<?xml version="1.0" encoding="utf-8" ?>
<?xml-stylesheet type="text/xsl" href="..\XSL\topic.xsl"?>

<topic name="SelectRange" type="method">
	<description>
		Selects a range of items in HTML multiple selection list-box controls.
	</description>

	<apply>
		<apply_item>Element</apply_item>
	</apply>

	<call>
		elementObj.SelectRange(start_range, end_range);
	</call>

	<arguments>
		<arg><code>start_range</code> is the text or the ordinal position of the first item in the range to be selected.</arg>
		<arg><code>end_range</code> is the text or the ordinal position of the last item in the range to be selected.</arg>
	</arguments>

	<remarks>
		Any previous selection in the HTML control is removed and the items between <i>start_range</i> and
		<i>end_range</i> are selected.<br></br>
		Each of the two input parameters can be:
		<ul>
			<li>a number that represents the zero-based ordinal position of the item to be the limit of the range.</li>
			<li>
				a string that represents the text of the item to be the limit of the range..
				If useRegExp property is <i>true</i>, then the limit of the range must match the regular expression
				represented by the input string parameter.
			</li>
		</ul>
		If the speciffied range is empty (no item matches the input parameters), then a script exception is thrown and
		the lastError property is set to NOT_FOUND_ERROR<br></br>
		If the method is applied to an Element that is not a multiple selection list-box control, then a script exception is
		thrown and the lastError property is set to INVALID_OPERATION_ERROR.
	</remarks>

	<example>
		<jscode>
// Assume nativeList is a &lt;select multiple&gt; HTML element.
// Select the first two items in the multiple selection list-box control.
var coreObj = new ActiveXObject("Twebst.Core");
var list    = coreObj.AttachToNativeElement(nativeList);
list.SelectRange(0, 1);
		</jscode>
	</example>

	<seealso>
		<seealso_item>Element</seealso_item>
		<seealso_item>AddSelection</seealso_item>
		<seealso_item>AddSelectionRange</seealso_item>
		<seealso_item>ClearSelection</seealso_item>
		<seealso_item>Select</seealso_item>
	</seealso>
</topic>
