<?xml version="1.0" encoding="utf-8" ?>
<?xml-stylesheet type="text/xsl" href="..\XSL\topic.xsl"?>

<topic name="ShowBrowserWindow" type="method">
	<description>
		Shows, hides, maximizes, minimizes, restores or puts in foreground the browser window.
	</description>

	<apply>
		<apply_item>Browser</apply_item>
	</apply>

	<call>
		browserObj.ShowBrowserWindow(show_window_constant);
	</call>

	<arguments>
		<arg><code>show_window_constant</code> is one of the following browser constants: SHOW_IN_FOREGROUND, SHOW_HIDE, SHOW_MAXIMIZE, SHOW_MINIMIZE, SHOW_RESTORE, SHOW_VISIBLE.</arg>
	</arguments>

	<remarks>
		In case of failure this method throws a script exception and the lastError property of the Core object is set to FAIL_ERROR or BROWSER_CONNECTION_LOST_ERROR.
	</remarks>

	<example>
		<jscode>	
var coreObj    = new ActiveXObject("Twebst.Core");
var newBrowser = coreObj.StartBrowser("http://www.codecentrix.com/");
newBrowser.ShowBrowserWindow(newBrowser.SHOW_IN_FOREGROUND);
		</jscode>
	</example>

	<seealso>
		<seealso_item>Browser</seealso_item>
		<seealso_item>Close</seealso_item>
		<seealso_item>foregroundBrowser</seealso_item>
		<seealso_item>StartBrowser</seealso_item>
		<seealso_item>StartHiddenBrowser</seealso_item>
	</seealso>
</topic>
