﻿<?xml version="1.0" encoding="utf-8" ?>
<?xml-stylesheet type="text/xsl" href="..\XSL\topic.xsl"?>

<topic name="StartHiddenBrowser" type="method">
	<description>
		<warning>Not available in FREE version!</warning><br/>
		Starts a new invisible instance of <i>Internet Explorer</i>Internet Explorer browser and returns a Browser object connected to it.
	</description>

	<apply>
		<apply_item>Core</apply_item>
	</apply>

	<call>
		var b = coreObj.StartHiddenBrowser("url");
	</call>

	<arguments>
    <arg>
      <code>url</code> is the URL where the newly started hidden browser will navigate first.
    </arg>
	</arguments>

	<remarks>
		The window of the newly started browser is invisible and the URL is specified by the <i>url</i> parameter.
		The method throws a script exception if a new browser instance can not be started.
		In this case the lastError property of the	Core object is set to FAIL_ERROR.
	</remarks>

	<example>
		<jscode>
var coreObj    = new ActiveXObject("Twebst.Core");
var newBrowser = coreObj.StartHiddenBrowser("http://www.codecentrix.com/");
newBrowser.ShowBrowserWindow(newBrowser.SHOW_VISIBLE);
		</jscode>
	</example>

	<seealso>
		<seealso_item>Core</seealso_item>
		<seealso_item>Browser</seealso_item>
		<seealso_item>foregroundBrowser</seealso_item>
		<seealso_item>ShowBrowserWindow</seealso_item>
		<seealso_item>StartBrowser</seealso_item>
	</seealso>
</topic>
