<?xml version="1.0" encoding="utf-8" ?>
<?xml-stylesheet type="text/xsl" href="..\XSL\topic.xsl"?>

<topic name="title" type="property">
	<description>
		Retrieves the title of the HTML document that is displayed in the header bar of the web page window.
	</description>

	<apply>
		<apply_item>Browser</apply_item>
	</apply>

	<call>
		var t = browserObj.title;
	</call>

	<arguments>
		<arg_summary>None.</arg_summary>
	</arguments>

	<remarks>
		In case of failure this property throws a script exception and the lastError property of the Core object is set to FAIL_ERROR or BROWSER_CONNECTION_LOST_ERROR.
	</remarks>

	<example>
		<jscode>	
var coreObj    = new ActiveXObject("Twebst.Core");
var newBrowser = coreObj.StartBrowser("http://www.codecentrix.com/");
newBrowser.WaitToLoad();
WScript.Echo(newBrowser.title);
		</jscode>
	</example>

	<seealso>
		<seealso_item>Browser</seealso_item>
		<seealso_item>StartBrowser</seealso_item>
		<seealso_item>StartHiddenBrowser</seealso_item>
		<seealso_item><reference>url</reference></seealso_item>
	</seealso>
</topic>
