<?xml version="1.0" encoding="utf-8" ?>
<?xml-stylesheet type="text/xsl" href="..\XSL\topic.xsl"?>

<topic name="topWindow" type="property">
	<description>
		<warning>Not available in FREE version!</warning><br/>
		Returns the handle for <i>IEFrame</i> top window of the <i>Internet Explorer 7</i> instance represented by the current Browser object.
	</description>

	<apply>
		<apply_item>Browser</apply_item>
	</apply>

	<call>
		var hwnd = browserObj.topWindow;
	</call>

	<arguments>
		<arg_summary>None.</arg_summary>
	</arguments>

	<remarks>
		In case of an error the method throws a script exception and the lastError property of the core object is set as follows:
		<ul>
			<li>INVALID_ARG_ERROR: if invalid parameters are provided.</li>
			<li>FAIL_ERROR: in case of anohter error.</li>
		</ul>
	</remarks>

	<example>
		<jscode>	
var coreObj    = new ActiveXObject("Twebst.Core");
var newBrowser = coreObj.StartBrowser("http://www.codecentrix.com/");
WScript.Echo(newBrowser.topWindow);
		</jscode>
	</example>

	<seealso>
		<seealso_item>Browser</seealso_item>
		<seealso_item>foregroundBrowser</seealso_item>
		<seealso_item>ieWindow</seealso_item>
		<seealso_item>processId</seealso_item>
		<seealso_item>tabWindow</seealso_item>
		<seealso_item>threadId</seealso_item>
	</seealso>
</topic>
