<?xml version="1.0" encoding="utf-8" ?>
<?xml-stylesheet type="text/xsl" href="..\XSL\topic.xsl"?>

<topic name="useHardwareInputEvents" type="property">
	<description>
		<warning>Not available in FREE version!</warning><br/>
		Sets or retrieves the type of input events used to perform actions on HTML elements. 
	</description>

	<apply>
		<apply_item>Core</apply_item>
	</apply>

	<call>
		coreObj.useHardwareInputEvents = booleanValue;
	</call>

	<arguments>
		<arg_summary>None.</arg_summary>
	</arguments>

	<remarks>
		<i>booleanValue</i> is an expression evaluated to <i>true</i> or <i>false</i>.<br></br>
		If booleanValue is <i>false</i> then browser events are used to click on HTML elements, or to
		input text in editable controls.
		If booleanValue is <i>true</i> then hardware events are used. The browser window is put in foreground, then
		a hardware keyboard or mouse event is generated.
		The default value of the property is <i>false</i> (browser events are used by default).<br></br>
		The property affects the following methods: Click and InputText.
	</remarks>

	<example>
		<jscode>
// Click an element using hardware events.
var coreObj                    = new ActiveXObject("Twebst.Core");
coreObj.useRegExp              = true;
coreObj.useHardwareInputEvents = true;
coreObj.FindBrowser("url=codecentrix").FindElement("a", "text=Download").Click();
		</jscode>
	</example>

	<seealso>
		<seealso_item>Core</seealso_item>
		<seealso_item>Element</seealso_item>
		<seealso_item>Click</seealso_item>
		<seealso_item>InputText</seealso_item>
	</seealso>
</topic>
