<?xml version="1.0" encoding="utf-8" ?>
<?xml-stylesheet type="text/xsl" href="..\XSL\topic.xsl"?>

<topic name="useRegExp" type="property">
	<description>
		<warning>Not available in FREE version!</warning><br/>
		Enables or disables the use of regular expressions in <reference href="SearchCondition.htm">Search conditions</reference>.
	</description>

	<apply>
		<apply_item>Core</apply_item>
	</apply>

	<call>
		coreObj.useRegExp = booleanValue;
	</call>

	<arguments>
		<arg_summary>None.</arg_summary>
	</arguments>

	<remarks>
		<i>booleanValue</i> is an expression evaluated to <i>true</i> or <i>false</i>.<br></br>
		If <i>booleanValue</i> is <i>true</i> then regular expressions are used in <reference href="SearchCondition.htm">Search conditions</reference>,
		otherwise they are not.
		The default value of the property is <i>false</i> (by default regular expressions are not used).
		The property affects all the methods that take <reference href="SearchCondition.htm">Search conditions</reference> as parameters.
	</remarks>

	<example>
		<jscode>
// Find a browser that loaded a web page from the codecentrix domain.
var coreObj       = new ActiveXObject("Twebst.Core");
coreObj.useRegExp = true;
var browser       = coreObj.FindBrowser("url=codecentrix");
if (browser != null)
{
	browser.ShowBrowserWindow(browser.SHOW_IN_FOREGROUND);
}
		</jscode>
	</example>

	<seealso>
		<seealso_item>Core</seealso_item>
		<seealso_item>Browser</seealso_item>
		<seealso_item>Element</seealso_item>
		<seealso_item>Frame</seealso_item>
		<seealso_item><reference href="SearchCondition.htm">Search condition</reference></seealso_item>
	</seealso>
</topic>
