<?xml version="1.0" encoding="utf-8" ?>
<?xml-stylesheet type="text/xsl" href="..\XSL\topic.xsl"?>

<topic name="WndToNativeDocument" type="method">
	<description>
		<warning>Not available in FREE version!</warning><br/>
		Retrieves a native HTML <i>document</i> object ( <a target="_blank" href="http://msdn.microsoft.com/en-us/library/aa752574.aspx">IHTMLDocument2</a> ) from a <i>Internet Explorer_Server</i> window.
	</description>

	<apply>
		<apply_item>Core</apply_item>
	</apply>

	<call>
		var nativeDoc = core.WndToNativeDocument(ieWndHandle);
	</call>

	<arguments>
		<arg><code>ieWndHandle</code> is a Win32 API window handle.</arg>
	</arguments>

	<remarks>
    <i>ieWndHandle</i> parameter is the handle of a <i>Internet Explorer_Server</i> window hosted by any application.
    This method can be useful if you already have a handle of a browser control hosted inside an application and you need to access the HTML document.
    In case of an error the method throws a script exception and the lastError property of the core object is set as follows:
    <ul>
      <li>INVALID_ARG_ERROR: if ieWndHandle parameter is not a valid <i>Internet Explorer_Server</i> window handle.</li>
      <li>FAIL_ERROR: in case of anohter error.</li>
    </ul>
    
    Better support for hosted IE browser control automation will be provided in a future release.
  </remarks>

	<example>
		<jscode>
// Assume ieWnd it is a valid handle to a 'Internet Explorer_Server' window.
var ieWnd     = 0xA10AF0;
var coreObj   = new ActiveXObject("Twebst.Core");
var nativeDoc = coreObj.WndToNativeDocument(ieWnd);

WScrip.Echo("The document size is: " + nativeDoc.fileSize);
    </jscode>
	</example>

	<seealso>
    <seealso_item>AttachToWnd</seealso_item>
    <seealso_item>Core</seealso_item>
    <seealso_item><reference>document</reference></seealso_item>
    <seealso_item>ieWindow</seealso_item>
    <seealso_item>nativeBrowser</seealso_item>
    <seealso_item>tabWindow</seealso_item>
    <seealso_item>topWindow</seealso_item>
	</seealso>
</topic>
